Monday:9am-5.30pm,1
Tuesday: 9am-5.30pm,1
Wednesday: 9am-5.30pm,1
Thursday: 9am-9pm,1
Friday: 9am-9pm ,1
Saturday: 9am-5pm ,1
Sunday: 10am-5pm,1
Monday:9am-5.30pm,2
Tuesday: 9am-5.30pm,2
Wednesday: 9am-5.30pm,2
Thursday: 9am-9pm,2
Friday: 9am-9pm ,2
Saturday: 9am-5pm ,2
Sunday: 10am-5pm,2
Monday:9am-5.30pm,3
Tuesday: 9am-5.30pm,3
Wednesday: 9am-5.30pm,3
Thursday: 9am-9pm,3
Friday: 9am-9pm ,3
Saturday: 9am-5pm ,3
Sunday: 10am-5pm,3
Monday:9am-5.30pm,4
Tuesday: 9am-5.30pm,4
Wednesday: 9am-5.30pm,4
Thursday: 9am-9pm,4
Friday: 9am-9pm ,4
Saturday: 9am-5pm ,4
Sunday: 10am-5pm,4
Monday:9am-5.30pm,5
Tuesday: 9am-5.30pm,5
Wednesday: 9am-5.30pm,5
Thursday: 9am-9pm,5
Friday: 9am-9pm ,5
Saturday: 9am-5pm ,5
Sunday: 10am-5pm,5
Monday:9am-5.30pm,6
Tuesday: 9am-5.30pm,6
Wednesday: 9am-5.30pm,6
Thursday: 9am-9pm,6
Friday: 9am-9pm ,6
Saturday: 9am-5pm ,6
Sunday: 10am-5pm,6
Monday:9.30am - 5pm,7
Tuesday: 9.30am - 5pm,7
Wednesday: 9.30am - 5pm,7
Thursday: 9.30am - 5pm,7
Friday: 9.30am - 5pm,7
Saturday: 9.30am - 1pm ,7
Sunday: CLOSED,7
Monday:9.30am - 5pm,8
Tuesday: 9.30am - 5pm,8
Wednesday: 9.30am - 5pm,8
Thursday: 9.30am - 5pm,8
Friday: 9.30am - 5pm,8
Saturday: 9.30am - 1pm ,8
Sunday: CLOSED,8
Monday:9am-5.30pm,9
Tuesday: 9am-5.30pm,9
Wednesday: 9am-5.30pm,9
Thursday: 9am-9pm,9
Friday: 9am-9pm ,9
Saturday: 9am-5pm ,9
Sunday: 10am-5pm,9
Monday:11am-late   ,11
Tuesday: 11am-late  ,11
Wednesday: 11am-late ,11
Thursday: 11am-late,11
Friday: 11am-late   ,11
Saturday: 11am-late   ,11
Sunday: 11am-late,11
Monday:9.30am - 5.00pm ,12
Tuesday: 9.30am - 5.00pm,12
Wednesday: 9.30am - 5.00pm ,12
Thursday: 9.30am - 5.00pm ,12
Friday: 9.30am - 5.00pm  ,12
Saturday: 9.30am - 1.00pm,12
Sunday: CLOSED,12
Monday:9.00am - 5.00pm ,13
Tuesday: 9.00am - 5.00pm ,13
Wednesday: 9.00am - 5.00pm,13
Thursday: 9.00am - 5.00pm,13
Friday: 9.00am - 5.00pm   ,13
Saturday: 9.00am - 12noon ,13
Sunday: Closed,13
Monday:9am - 5.30pm    ,14
Tuesday: 9am - 5.30pm ,14
Wednesday: 9am - 5.30pm ,14
Thursday: 9am - 7.00pm   ,14
Friday: 9am - 7.00pm  ,14
Saturday: 10am - 4.00pm  ,14
Sunday: Closed,14
Monday:9am-5.30pm,15
Tuesday: 9am-5.30pm   ,15
Wednesday: 9am-5.30pm,15
Thursday: 9am-9pm    ,15
Friday: 9am-9pm   ,15
Saturday: 9am-5pm    ,15
Sunday: 10am-5pm,15
Monday:9am-5.30pm,16
Tuesday: 9am-5.30pm   ,16
Wednesday: 9am-5.30pm,16
Thursday: 9am-9pm    ,16
Friday: 9am-9pm   ,16
Saturday: 9am-5pm    ,16
Sunday: 10am-5pm,16
Monday:9am-5.30pm,17
Tuesday: 9am-5.30pm   ,17
Wednesday: 9am-5.30pm,17
Thursday: 9am-9pm    ,17
Friday: 9am-9pm   ,17
Saturday: 9am-5pm    ,17
Sunday: 10am-5pm,17
Monday:8.30am-7.00pm  ,18
Tuesday: 8.30am-7.00pm ,18
Wednesday: 8.30am-7.00pm ,18
Thursday: 8.30am-9.00pm,18
Friday: 8.30am-9.00pm ,18
Saturday: 8.30am-6.00pm ,18
Sunday: 9.00am-5.00pm,18
Monday:9am - 5.30pm     ,19
Tuesday: 9am - 5.30pm   ,19
Wednesday: 9am - 5.30pm ,19
Thursday: 9am - 9pm   ,19
Friday: 9am - 9pm  ,19
Saturday: 9am - 5pm    ,19
Sunday: 10am - 5pm,19
Monday:9am-5.30pm ,20
Tuesday: 9am-5.30pm ,20
Wednesday: 9am-5.30pm  ,20
Thursday: 9am-9pm ,20
Friday: 9am-9pm  ,20
Saturday: 9am-5pm    ,20
Sunday: 10am-5pm,20
Monday:9am-5.30pm ,21
Tuesday: 9am-5.30pm ,21
Wednesday: 9am-5.30pm  ,21
Thursday: 9am-9pm ,21
Friday: 9am-9pm  ,21
Saturday: 9am-5pm    ,21
Sunday: 10am-5pm,21
Monday:9am-5.30pm ,21
Tuesday: 9am-5.30pm ,22
Wednesday: 9am-5.30pm  ,22
Thursday: 9am-9pm ,22
Friday: 9am-9pm  ,22
Saturday: 9am-5pm    ,22
Sunday: 10am-5pm,22
Monday:9.30am - 4pm  ,23
Tuesday: 9.30am - 4pm  ,23
Wednesday: 9.30am - 4pm ,23
Thursday: 9.30am - 4pm   ,23
Friday: 9.30am - 5pm   ,23
Saturday: 9.30am - 1pm ,23
Sunday: CLOSED,23
Monday:9am-5.30pm ,24
Tuesday: 9am-5.30pm ,24
Wednesday: 9am-5.30pm  ,24
Thursday: 9am-9pm ,24
Friday: 9am-9pm  ,24
Saturday: 9am-5pm    ,24
Sunday: 10am-5pm,24
Monday:7.00am-10.00pm,25
Tuesday: 7.00am-10.00pm ,25
Wednesday: 7.00am-10.00pm ,25
Thursday: 7.00am-10.00pm ,25
Friday: 7.00am-10.00pm,25
Saturday: 7.00am-10.00pm,25
Sunday: 7.00am-10.00pm ,25
Monday:9am-5.30pm ,26
Tuesday: 9am-5.30pm ,26
Wednesday: 9am-5.30pm  ,26
Thursday: 9am-9pm ,26
Friday: 9am-9pm  ,26
Saturday: 9am-5pm    ,26
Sunday: 10am-5pm,26
Monday:9.30am-4.00pm ,27
Tuesday: 9.30am-4.00pm ,27
Wednesday: 9.30am-4.00pm ,27
Thursday: 9.30am-4.00pm ,27
Friday: 9.30am-5.00pm  ,27
Saturday: 9.30am-1.00pm   ,27
Sunday: Closed,27
Monday:9am-5.30pm  ,28
Tuesday: 9am-5.30pm,28
Wednesday: 9am-5.30pm  ,28
Thursday: 9am-9pm,28
Friday: 9am-9pm  ,28
Saturday: 9am-5pm ,28
Sunday: 10am-5pm,28
Monday:9am-5.30pm  ,29
Tuesday: 9am-5.30pm,29
Wednesday: 9am-5.30pm  ,29
Thursday: 9am-9pm,29
Friday: 9am-9pm  ,29
Saturday: 9am-5pm ,29
Sunday: 10am-5pm,29
Monday:9am-5.30pm  ,30
Tuesday: 9am-5.30pm,30
Wednesday: 9am-5.30pm  ,30
Thursday: 9am-9pm,30
Friday: 9am-9pm  ,30
Saturday: 9am-5pm ,30
Sunday: 10am-5pm,30
Monday:9am-4.30pm   ,31
Tuesday: 9.30am-4.30pm ,31
Wednesday: 9am-4.30pm   ,31
Thursday: 9am-4.30pm  ,31
Friday: 9am-5pm   ,31
Saturday: Closed  ,31
Sunday: Closed,31
Monday:9am-5.30pm  ,32
Tuesday: 9am-5.30pm,32
Wednesday: 9am-5.30pm  ,32
Thursday: 9am-9pm,32
Friday: 9am-9pm  ,32
Saturday: 9am-5pm ,32
Sunday: 10am-5pm,32
Monday:9am-5.30pm  ,33
Tuesday: 9am-5.30pm,33
Wednesday: 9am-5.30pm  ,33
Thursday: 9am-9pm,33
Friday: 9am-9pm  ,33
Saturday: 9am-5pm ,33
Sunday: 10am-5pm,33
Monday:9am-5.30pm  ,34
Tuesday: 9am-5.30pm,34
Wednesday: 9am-5.30pm  ,34
Thursday: 9am-9pm,34
Friday: 9am-9pm  ,34
Saturday: 9am-5pm ,34
Sunday: 10am-5pm,34
Monday:9am-5.30pm  ,35
Tuesday: 9am-5.30pm,35
Wednesday: 9am-5.30pm  ,35
Thursday: 9am-9pm,35
Friday: 9am-9pm  ,35
Saturday: 9am-5pm ,35
Sunday: 10am-5pm,35
Monday:9am-5.30pm  ,36
Tuesday: 9am-5.30pm,36
Wednesday: 9am-5.30pm  ,36
Thursday: 9am-9pm,36
Friday: 9am-9pm  ,36
Saturday: 9am-5pm ,36
Sunday: 10am-5pm,36
Monday:9am-5.30pm  ,37
Tuesday: 9am-5.30pm,37
Wednesday: 9am-5.30pm  ,37
Thursday: 9am-9pm,37
Friday: 9am-9pm  ,37
Saturday: 9am-5pm ,37
Sunday: 10am-5pm,37
Monday:9am-5.30pm  ,38
Tuesday: 9am-5.30pm,38
Wednesday: 9am-5.30pm  ,38
Thursday: 9am-9pm,38
Friday: 9am-9pm  ,38
Saturday: 9am-5pm ,38
Sunday: 10am-5pm,38
Monday:9am-5.30pm  ,39
Tuesday: 9am-5.30pm,39
Wednesday: 9am-5.30pm  ,39
Thursday: 9am-9pm,39
Friday: 9am-9pm  ,39
Saturday: 9am-5pm ,39
Sunday: 10am-5pm,39
Monday:9am-5.30pm  ,40
Tuesday: 9am-5.30pm,40
Wednesday: 9am-5.30pm  ,40
Thursday: 9am-9pm,40
Friday: 9am-9pm  ,40
Saturday: 9am-5pm ,40
Sunday: 10am-5pm,40
Monday:9am-5.30pm  ,41
Tuesday: 9am-5.30pm,41
Wednesday: 9am-5.30pm  ,41
Thursday: 9am-9pm,41
Friday: 9am-9pm  ,41
Saturday: 9am-5pm ,41
Sunday: 10am-5pm,41
Monday:9am-5.30pm  ,42
Tuesday: 9am-5.30pm,42
Wednesday: 9am-5.30pm  ,42
Thursday: 9am-9pm,42
Friday: 9am-9pm  ,42
Saturday: 9am-5pm ,42
Sunday: 10am-5pm,42
Monday:9am-5.30pm  ,43
Tuesday: 9am-5.30pm,43
Wednesday: 9am-5.30pm  ,43
Thursday: 9am-9pm,43
Friday: 9am-9pm  ,43
Saturday: 9am-5pm ,43
Sunday: 10am-5pm,43
Monday:9am-5.30pm  ,44
Tuesday: 9am-5.30pm,44
Wednesday: 9am-5.30pm  ,44
Thursday: 9am-9pm,44
Friday: 9am-9pm  ,44
Saturday: 9am-5pm ,44
Sunday: 10am-5pm,44
Monday:9am-5.30pm  ,45
Tuesday: 9am-5.30pm,45
Wednesday: 9am-5.30pm  ,45
Thursday: 9am-9pm,45
Friday: 9am-9pm  ,45
Saturday: 9am-5pm ,45
Sunday: 10am-5pm,45
Monday:9am-5.30pm  ,46
Tuesday: 9am-5.30pm,46
Wednesday: 9am-5.30pm  ,46
Thursday: 9am-9pm,46
Friday: 9am-9pm  ,46
Saturday: 9am-5pm ,46
Sunday: 10am-5pm,46
Monday:9am-5.30pm  ,47
Tuesday: 9am-5.30pm,47
Wednesday: 9am-5.30pm  ,47
Thursday: 9am-9pm,47
Friday: 9am-9pm  ,47
Saturday: 9am-5pm ,47
Sunday: 10am-5pm,47
Monday:9am-5.30pm  ,48
Tuesday: 9am-5.30pm,48
Wednesday: 9am-5.30pm  ,48
Thursday: 9am-9pm,48
Friday: 9am-9pm  ,48
Saturday: 9am-5pm ,48
Sunday: 10am-5pm,48
Monday:9am-5.30pm  ,49
Tuesday: 9am-5.30pm,49
Wednesday: 9am-5.30pm  ,49
Thursday: 9am-9pm,49
Friday: 9am-9pm  ,49
Saturday: 9am-5pm ,49
Sunday: 10am-5pm,49
Monday:9am-5.30pm  ,50
Tuesday: 9am-5.30pm,50
Wednesday: 9am-5.30pm  ,50
Thursday: 9am-9pm,50
Friday: 9am-9pm  ,50
Saturday: 9am-5pm ,50
Sunday: 10am-5pm,50
Monday:9am-5.30pm  ,51
Tuesday: 9am-5.30pm,51
Wednesday: 9am-5.30pm  ,51
Thursday: 9am-9pm,51
Friday: 9am-9pm  ,51
Saturday: 9am-5pm ,51
Sunday: 10am-5pm,51
Monday:9am-5.30pm  ,52
Tuesday: 9am-5.30pm,52
Wednesday: 9am-5.30pm  ,52
Thursday: 9am-9pm,52
Friday: 9am-9pm  ,52
Saturday: 9am-5pm ,52
Sunday: 10am-5pm,52
Monday:9am-5.30pm  ,53
Tuesday: 9am-5.30pm,53
Wednesday: 9am-5.30pm  ,53
Thursday: 9am-9pm,53
Friday: 9am-9pm  ,53
Saturday: 9am-5pm ,53
Sunday: closed,53
Monday:9am-5.30pm  ,54
Tuesday: 9am-5.30pm,54
Wednesday: 9am-5.30pm  ,54
Thursday: 9am-9pm,54
Friday: 9am-9pm  ,54
Saturday: 9am-5pm ,54
Sunday: closed,54
Monday:9am-5.30pm  ,55
Tuesday: 9am-5.30pm,55
Wednesday: 9am-5.30pm  ,55
Thursday: 9am-9pm,55
Friday: 9am-9pm  ,55
Saturday: 9am-5pm ,55
Sunday: 10am-5pm,55
Monday:9am-5.30pm  ,56
Tuesday: 9am-5.30pm,56
Wednesday: 9am-5.30pm  ,56
Thursday: 9am-9pm,56
Friday: 9am-9pm  ,56
Saturday: 9am-5pm ,56
Sunday: 10am-5pm,56
Monday:9am-5.30pm  ,57
Tuesday: 9am-5.30pm,57
Wednesday: 9am-5.30pm  ,57
Thursday: 9am-9pm,57
Friday: 9am-9pm  ,57
Saturday: 9am-5pm ,57
Sunday: 10am-5pm,57
Monday:9am-5.30pm  ,58
Tuesday: 9am-5.30pm,58
Wednesday: 9am-5.30pm  ,58
Thursday: 9am-9pm,58
Friday: 9am-9pm  ,58
Saturday: 9am-5pm ,58
Sunday: 10am-5pm,58
Monday:10am-9.30pm,59
Tuesday: 10am-9.30pm ,59
Wednesday: 10am-9.30pm ,59
Thursday: 10am-9:30pm,59
Friday: 10am-9:30pm,59
Saturday: 10am-9:30pm  ,59
Sunday: 10am-9:30pm ,59
Monday:9am-5.30pm  ,60
Tuesday: 9am-5.30pm,60
Wednesday: 9am-5.30pm  ,60
Thursday: 9am-9pm,60
Friday: 9am-9pm  ,60
Saturday: 9am-5pm ,60
Sunday: 10am-5pm,60
Monday:9am-5.30pm  ,61
Tuesday: 9am-5.30pm,61
Wednesday: 9am-5.30pm  ,61
Thursday: 9am-9pm,61
Friday: 9am-9pm  ,61
Saturday: 9am-5pm ,61
Sunday: 10am-5pm,61
Monday:9am-5.30pm  ,62
Tuesday: 9am-5.30pm,62
Wednesday: 9am-5.30pm  ,62
Thursday: 9am-9pm,62
Friday: 9am-9pm  ,62
Saturday: 9am-5pm ,62
Sunday: 10am-5pm,62
Monday:9am-5.30pm  ,63
Tuesday: 9am-5.30pm,63
Wednesday: 9am-5.30pm  ,63
Thursday: 9am-9pm,63
Friday: 9am-9pm  ,63
Saturday: 9am-5pm ,63
Sunday: 10am-5pm,63
Monday:9am-5.30pm  ,64
Tuesday: 9am-5.30pm,64
Wednesday: 9am-5.30pm  ,64
Thursday: 9am-9pm,64
Friday: 9am-9pm  ,64
Saturday: 9am-5pm ,64
Sunday: 10am-5pm,64
Monday:9am-5.30pm  ,65
Tuesday: 9am-5.30pm,65
Wednesday: 9am-5.30pm  ,65
Thursday: 9am-9pm,65
Friday: 9am-9pm  ,65
Saturday: 9am-5pm ,65
Sunday: 10am-5pm,65
Monday:9am-5.30pm  ,66
Tuesday: 9am-5.30pm,66
Wednesday: 9am-5.30pm  ,66
Thursday: 9am-9pm,66
Friday: 9am-9pm  ,66
Saturday: 9am-5pm ,66
Sunday: 10am-5pm,66
Monday:9am-5.30pm  ,67
Tuesday: 9am-5.30pm,67
Wednesday: 9am-5.30pm  ,67
Thursday: 9am-9pm,67
Friday: 9am-9pm  ,67
Saturday: 9am-5pm ,67
Sunday: 10am-5pm,67
Monday:9am-5.30pm  ,68
Tuesday: 9am-5.30pm,68
Wednesday: 9am-5.30pm  ,68
Thursday: 9am-9pm,68
Friday: 9am-9pm  ,68
Saturday: 9am-5pm ,68
Sunday: 10am-5pm,68
Monday:9am-5.30pm  ,69
Tuesday: 9am-5.30pm,69
Wednesday: 9am-5.30pm  ,69
Thursday: 9am-9pm,69
Friday: 9am-9pm  ,69
Saturday: 9am-5pm ,69
Sunday: 10am-5pm,69
Monday:9am-5.30pm  ,70
Tuesday: 9am-5.30pm,70
Wednesday: 9am-5.30pm  ,70
Thursday: 9am-9pm,70
Friday: 9am-9pm  ,70
Saturday: 9am-5pm ,70
Sunday: 10am-5pm,70
Monday:9am-5.30pm  ,71
Tuesday: 9am-5.30pm,71
Wednesday: 9am-5.30pm  ,71
Thursday: 9am-9pm,71
Friday: 9am-9pm  ,71
Saturday: 9am-5pm ,71
Sunday: 10am-5pm,71
Monday:9am-5.30pm  ,72
Tuesday: 9am-5.30pm,72
Wednesday: 9am-5.30pm  ,72
Thursday: 9am-9pm,72
Friday: 9am-9pm  ,72
Saturday: 9am-5pm ,72
Sunday: 10am-5pm,72
Monday:8am-10pm ,73
Tuesday: 8am-10pm,73
Wednesday: 8am-10pm,73
Thursday: 7am-10pm,73
Friday: 8am-10pm ,73
Saturday: 8am-8pm,73
 Sunday: 8am-8pm,73
Monday:8am-5:30pm ,74
Tuesday: 8am-5:30pm  ,74
Wednesday: 8am-5:30pm  ,74
Thursday: 8am-5:30pm    ,74
Friday: 8am-5:30pm  ,74
Saturday: 8am-4pm ,74
Sunday:closed,74
Monday:9am-5.30pm  ,75
Tuesday: 9am-5.30pm,75
Wednesday: 9am-5.30pm  ,75
Thursday: 9am-9pm,75
Friday: 9am-9pm  ,75
Saturday: 9am-5pm ,75
Sunday: 10am-5pm,75
Monday:9am-5.30pm  ,76
Tuesday: 9am-5.30pm,76
Wednesday: 9am-5.30pm  ,76
Thursday: 9am-9pm,76
Friday: 9am-9pm  ,76
Saturday: 9am-5pm ,76
Sunday: 10am-5pm,76
Monday:9am-5.30pm  ,77
Tuesday: 9am-5.30pm,77
Wednesday: 9am-5.30pm  ,77
Thursday: 9am-9pm,77
Friday: 9am-9pm  ,77
Saturday: 9am-5pm ,77
Sunday: 10am-5pm,77
Monday:9am-5.30pm  ,78
Tuesday: 9am-5.30pm,78
Wednesday: 9am-5.30pm  ,78
Thursday: 9am-9pm,78
Friday: 9am-9pm  ,78
Saturday: 9am-5pm ,78
Sunday: 10am-5pm,78
Monday:9am-5.30pm  ,79
Tuesday: 9am-5.30pm,79
Wednesday: 9am-5.30pm  ,79
Thursday: 9am-9pm,79
Friday: 9am-9pm  ,79
Saturday: 9am-5pm ,79
Sunday: 10am-5pm,79
Monday:9am-5.30pm  ,80
Tuesday: 9am-5.30pm,80
Wednesday: 9am-5.30pm  ,80
Thursday: 9am-9pm,80
Friday: 9am-9pm  ,80
Saturday: 9am-5pm ,80
Sunday: 10am-5pm,80
Monday:9am-5.30pm  ,81
Tuesday: 9am-5.30pm,81
Wednesday: 9am-5.30pm  ,81
Thursday: 9am-9pm,81
Friday: 9am-9pm  ,81
Saturday: 9am-5pm ,81
Sunday: 10am-5pm,81
Monday:9am-5.30pm  ,82
Tuesday: 9am-5.30pm,82
Wednesday: 9am-5.30pm  ,82
Thursday: 9am-9pm,82
Friday: 9am-9pm  ,82
Saturday: 9am-5pm ,82
Sunday: 10am-5pm,82
Monday:9am-5.30pm  ,83
Tuesday: 9am-5.30pm,83
Wednesday: 9am-5.30pm  ,83
Thursday: 9am-9pm,83
Friday: 9am-9pm  ,83
Saturday: 9am-5pm ,83
Sunday: 10am-5pm,83
Monday:9am-5.30pm  ,84
Tuesday: 9am-5.30pm,84
Wednesday: 9am-5.30pm  ,84
Thursday: 9am-9pm,84
Friday: 9am-9pm  ,84
Saturday: 9am-5pm ,84
Sunday: 10am-5pm,84
Monday:9am-5.30pm  ,85
Tuesday: 9am-5.30pm,85
Wednesday: 9am-5.30pm  ,85
Thursday: 9am-9pm,85
Friday: 9am-9pm  ,85
Saturday: 9am-5pm ,85
Sunday: 10am-5pm,85
Monday:9am-5.30pm  ,86
Tuesday: 9am-5.30pm,86
Wednesday: 9am-5.30pm  ,86
Thursday: 9am-9pm,86
Friday: 9am-9pm  ,86
Saturday: 9am-5pm ,86
Sunday: 10am-5pm,86
Monday:9am-5.30pm  ,87
Tuesday: 9am-5.30pm,87
Wednesday: 9am-5.30pm  ,87
Thursday: 9am-9pm,87
Friday: 9am-9pm  ,87
Saturday: 9am-5pm ,87
Sunday: 10am-5pm,87
Monday:9am-5.30pm  ,88
Tuesday: 9am-5.30pm,88
Wednesday: 9am-5.30pm  ,88
Thursday: 9am-9pm,88
Friday: 9am-9pm  ,88
Saturday: 9am-5pm ,88
Sunday: 10am-5pm,88
Monday:9am-5.30pm  ,89
Tuesday: 9am-5.30pm,89
Wednesday: 9am-5.30pm  ,89
Thursday: 9am-9pm,89
Friday: 9am-9pm  ,89
Saturday: 9am-5pm ,89
Sunday: 10am-5pm,89
Monday:9am-5.30pm  ,90
Tuesday: 9am-5.30pm,90
Wednesday: 9am-5.30pm  ,90
Thursday: 9am-9pm,90
Friday: 9am-9pm  ,90
Saturday: 9am-5pm ,90
Sunday: 10am-5pm,90
EASTER SUNDAY - CLOSED,90
Monday:9am-5.30pm  ,91
Tuesday: 9am-5.30pm,91
Wednesday: 9am-5.30pm  ,91
Thursday: 9am-9pm,91
Friday: 9am-9pm  ,91
Saturday: 9am-5pm ,91
Sunday: 10am-5pm,91
Monday:9am-5.30pm  ,92
Tuesday: 9am-5.30pm,92
Wednesday: 9am-5.30pm  ,92
Thursday: 9am-9pm,92
Friday: 9am-9pm  ,92
Saturday: 9am-5pm ,92
Sunday: 10am-5pm,92
Monday:9am-5.30pm  ,93
Tuesday: 9am-5.30pm,93
Wednesday: 9am-5.30pm  ,93
Thursday: 9am-9pm,93
Friday: 9am-9pm  ,93
Saturday: 9am-5pm ,93
Sunday: 10am-5pm,93
Monday:9am-5.30pm  ,94
Tuesday: 9am-5.30pm,94
Wednesday: 9am-5.30pm  ,94
Thursday: 9am-9pm,94
Friday: 9am-9pm  ,94
Saturday: 9am-5pm ,94
Sunday: 10am-5pm,94
Monday:9am-5.30pm  ,95
Tuesday: 9am-5.30pm,95
Wednesday: 9am-5.30pm  ,95
Thursday: 9am-9pm,95
Friday: 9am-9pm  ,95
Saturday: 9am-5pm ,95
Sunday: 10am-5pm,95
Monday:9am-5.30pm  ,96
Tuesday: 9am-5.30pm,96
Wednesday: 9am-5.30pm  ,96
Thursday: 9am-9pm,96
Friday: 9am-9pm  ,96
Saturday: 9am-5pm ,96
Sunday: 10am-5pm,96
Monday:9am-5.30pm  ,97
Tuesday: 9am-5.30pm,97
Wednesday: 9am-5.30pm  ,97
Thursday: 9am-9pm,97
Friday: 9am-9pm  ,97
Saturday: 9am-5pm ,97
Sunday: 10am-5pm,97
Monday:9am-5.30pm  ,98
Tuesday: 9am-5.30pm,98
Wednesday: 9am-5.30pm  ,98
Thursday: 9am-9pm,98
Friday: 9am-9pm  ,98
Saturday: 9am-5pm ,98
Sunday: 10am-5pm,98
Monday:9am-5.30pm  ,99
Tuesday: 9am-5.30pm,99
Wednesday: 9am-5.30pm  ,99
Thursday: 9am-9pm,99
Friday: 9am-9pm  ,99
Saturday: 9am-5pm ,99
Sunday: 10am-5pm,99
Monday:9am-5.30pm  ,100
Tuesday: 9am-5.30pm,100
Wednesday: 9am-5.30pm  ,100
Thursday: 9am-9pm,100
Friday: 9am-9pm  ,100
Saturday: 9am-5pm ,100
Sunday: 10am-5pm,100
Monday:9am-5.30pm  ,101
Tuesday: 9am-5.30pm,101
Wednesday: 9am-5.30pm  ,101
Thursday: 9am-9pm,101
Friday: 9am-9pm  ,101
Saturday: 9am-5pm ,101
Sunday: 10am-5pm,101
Monday:9am-5.30pm  ,102
Tuesday: 9am-5.30pm,102
Wednesday: 9am-5.30pm  ,102
Thursday: 9am-9pm,102
Friday: 9am-9pm  ,102
Saturday: 9am-5pm ,102
Sunday: 10am-5pm,102
Monday:9am-5.30pm,103
Tuesday: 9am-5pm     ,103
Wednesday: 9am-5:30pm   ,103
Thursday: 9am-5:30pm    ,103
Friday: 9am-5:30pm  ,103
Saturday: 9am-1pm  ,103
Sunday:closed,103
Monday:9am-5.30pm  ,104
Tuesday: 9am-5.30pm,104
Wednesday: 9am-5.30pm  ,104
Thursday: 9am-9pm,104
Friday: 9am-9pm  ,104
Saturday: 9am-5pm ,104
Sunday: 10am-5pm,104
Monday:9am-5.30pm  ,105
Tuesday: 9am-5.30pm,105
Wednesday: 9am-5.30pm  ,105
Thursday: 9am-9pm,105
Friday: 9am-9pm  ,105
Saturday: 9am-5pm ,105
Sunday: 10am-5pm,105
Monday:9am-5.30pm  ,106
Tuesday: 9am-5.30pm,106
Wednesday: 9am-5.30pm  ,106
Thursday: 9am-9pm,106
Friday: 9am-9pm  ,106
Saturday: 9am-5pm ,106
Sunday: 10am-5pm,106
Monday:9am-5.30pm  ,107
Tuesday: 9am-5.30pm,107
Wednesday: 9am-5.30pm  ,107
Thursday: 9am-9pm,107
Friday: 9am-9pm  ,107
Saturday: 9am-5pm ,107
Sunday: 10am-5pm,107
Monday:9am-5.30pm  ,108
Tuesday: 9am-5.30pm,108
Wednesday: 9am-5.30pm  ,108
Thursday: 9am-9pm,108
Friday: 9am-9pm  ,108
Saturday: 9am-5pm ,108
Sunday: 10am-5pm,108
Monday:9am-5.30pm  ,109
Tuesday: 9am-5.30pm,109
Wednesday: 9am-5.30pm  ,109
Thursday: 9am-9pm,109
Friday: 9am-9pm  ,109
Saturday: 9am-5pm ,109
Sunday: 10am-5pm,109
Monday:9am-5.30pm  ,110
Tuesday: 9am-5.30pm,110
Wednesday: 9am-5.30pm  ,110
Thursday: 9am-9pm,110
Friday: 9am-9pm  ,110
Saturday: 9am-5pm ,110
Sunday: 10am-5pm,110
Monday:9am-5.30pm  ,111
Tuesday: 9am-5.30pm,111
Wednesday: 9am-5.30pm  ,111
Thursday: 9am-9pm,111
Friday: 9am-9pm  ,111
Saturday: 9am-5pm ,111
Sunday: 10am-5pm,111
Monday:9am-5.30pm  ,112
Tuesday: 9am-5.30pm,112
Wednesday: 9am-5.30pm  ,112
Thursday: 9am-9pm,112
Friday: 9am-9pm  ,112
Saturday: 9am-5pm ,112
Sunday: 10am-5pm,112
Monday:9am-5.30pm  ,113
Tuesday: 9am-5.30pm,113
Wednesday: 9am-5.30pm  ,113
Thursday: 9am-9pm,113
Friday: 9am-9pm  ,113
Saturday: 9am-5pm ,113
Sunday: 10am-5pm,113
Monday:9am-5.30pm  ,114
Tuesday: 9am-5.30pm,114
Wednesday: 9am-5.30pm  ,114
Thursday: 9am-9pm,114
Friday: 9am-9pm  ,114
Saturday: 9am-5pm ,114
Sunday: 10am-5pm,114
Monday:9am-5.30pm  ,115
Tuesday: 9am-5.30pm,115
Wednesday: 9am-5.30pm  ,115
Thursday: 9am-9pm,115
Friday: 9am-9pm  ,115
Saturday: 9am-5pm ,115
Sunday: 10am-5pm,115
Monday:9am-5.30pm  ,116
Tuesday: 9am-5.30pm,116
Wednesday: 9am-5.30pm  ,116
Thursday: 9am-9pm,116
Friday: 9am-9pm  ,116
Saturday: 9am-5pm ,116
Sunday: 10am-5pm,116
Monday:9am-5.30pm  ,117
Tuesday: 9am-5.30pm,117
Wednesday: 9am-5.30pm  ,117
Thursday: 9am-9pm,117
Friday: 9am-9pm  ,117
Saturday: 9am-5pm ,117
Sunday: 10am-5pm,117
Monday:9am-5.30pm  ,118
Tuesday: 9am-5.30pm,118
Wednesday: 9am-5.30pm  ,118
Thursday: 9am-9pm,118
Friday: 9am-9pm  ,118
Saturday: 9am-5pm ,118
Sunday: 10am-5pm,118
Monday:9am-5.30pm  ,119
Tuesday: 9am-5.30pm,119
Wednesday: 9am-5.30pm  ,119
Thursday: 9am-9pm,119
Friday: 9am-9pm  ,119
Saturday: 9am-5pm ,119
Sunday: 10am-5pm,119
Monday:9am-5.30pm  ,120
Tuesday: 9am-5.30pm,120
Wednesday: 9am-5.30pm  ,120
Thursday: 9am-9pm,120
Friday: 9am-9pm  ,120
Saturday: 9am-5pm ,120
Sunday: 10am-5pm,120
Monday:9am-5.30pm  ,121
Tuesday: 9am-5.30pm,121
Wednesday: 9am-5.30pm  ,121
Thursday: 9am-9pm,121
Friday: 9am-9pm  ,121
Saturday: 9am-5pm ,121
Sunday: 10am-5pm,121
Monday:9am-5.30pm  ,122
Tuesday: 9am-5.30pm,122
Wednesday: 9am-5.30pm  ,122
Thursday: 9am-9pm,122
Friday: 9am-9pm  ,122
Saturday: 9am-5pm ,122
Sunday: 10am-5pm,122
Monday:9am-5.30pm  ,123
Tuesday: 9am-5.30pm,123
Wednesday: 9am-5.30pm  ,123
Thursday: 9am-9pm,123
Friday: 9am-9pm  ,123
Saturday: 9am-5pm ,123
Sunday: 10am-5pm,123
Monday:9am-5.30pm  ,124
Tuesday: 9am-5.30pm,124
Wednesday: 9am-5.30pm  ,124
Thursday: 9am-9pm,124
Friday: 9am-9pm  ,124
Saturday: 9am-5pm ,124
Sunday: 10am-5pm,124
Monday:9am-5.30pm  ,125
Tuesday: 9am-5.30pm,125
Wednesday: 9am-5.30pm  ,125
Thursday: 9am-9pm,125
Friday: 9am-9pm  ,125
Saturday: 9am-5pm ,125
Sunday: 10am-5pm,125
Monday:9am-5.30pm  ,126
Tuesday: 9am-5.30pm,126
Wednesday: 9am-5.30pm  ,126
Thursday: 9am-9pm,126
Friday: 9am-9pm  ,126
Saturday: 9am-5pm ,126
Sunday: 10am-5pm,126
Monday:9am-5.30pm  ,127
Tuesday: 9am-5.30pm,127
Wednesday: 9am-5.30pm  ,127
Thursday: 9am-9pm,127
Friday: 9am-9pm  ,127
Saturday: 9am-5pm ,127
Sunday: 10am-5pm,127
Monday:9am-5.30pm  ,128
Tuesday: 9am-5.30pm,128
Wednesday: 9am-5.30pm  ,128
Thursday: 9am-9pm,128
Friday: 9am-9pm  ,128
Saturday: 9am-5pm ,128
Sunday: 10am-5pm,128
Monday:9am-5.30pm,129
Tuesday: 9am-5.30pm ,129
Wednesday: 9am-5.30pm ,129
Thursday: 9am-5:30pm   ,129
Friday: 9am-7pm      ,129
Saturday: 9am-4pm,129
Sunday: closed,129
Monday:9am-5.30pm  ,130
Tuesday: 9am-5.30pm,130
Wednesday: 9am-5.30pm  ,130
Thursday: 9am-9pm,130
Friday: 9am-9pm  ,130
Saturday: 9am-5pm ,130
Sunday: 10am-5pm,130
Monday:9am-5.30pm  ,131
Tuesday: 9am-5.30pm,131
Wednesday: 9am-5.30pm  ,131
Thursday: 9am-9pm,131
Friday: 9am-9pm  ,131
Saturday: 9am-5pm ,131
Sunday: 10am-5pm,131
Monday:9am-5.30pm  ,132
Tuesday: 9am-5.30pm,132
Wednesday: 9am-5.30pm  ,132
Thursday: 9am-9pm,132
Friday: 9am-9pm  ,132
Saturday: 9am-5pm ,132
Sunday: 10am-5pm,132
Monday:9am-5.30pm  ,133
Tuesday: 9am-5.30pm,133
Wednesday: 9am-5.30pm  ,133
Thursday: 9am-9pm,133
Friday: 9am-9pm  ,133
Saturday: 9am-5pm ,133
Sunday: 10am-5pm,133
Monday:9am-5.30pm  ,134
Tuesday: 9am-5.30pm,134
Wednesday: 9am-5.30pm  ,134
Thursday: 9am-9pm,134
Friday: 9am-9pm  ,134
Saturday: 9am-5pm ,134
Sunday: 10am-5pm,134
Monday:9am-5.30pm  ,135
Tuesday: 9am-5.30pm,135
Wednesday: 9am-5.30pm  ,135
Thursday: 9am-9pm,135
Friday: 9am-9pm  ,135
Saturday: 9am-5pm ,135
Sunday: 10am-5pm,135
Monday:9am-5.30pm  ,136
Tuesday: 9am-5.30pm,136
Wednesday: 9am-5.30pm  ,136
Thursday: 9am-9pm,136
Friday: 9am-9pm  ,136
Saturday: 9am-5pm ,136
Sunday: 10am-5pm,136
Monday:9am-5.30pm  ,137
Tuesday: 9am-5.30pm,137
Wednesday: 9am-5.30pm  ,137
Thursday: 9am-9pm,137
Friday: 9am-9pm  ,137
Saturday: 9am-5pm ,137
Sunday: 10am-5pm,137
Monday:9am-5.30pm  ,138
Tuesday: 9am-5.30pm,138
Wednesday: 9am-5.30pm  ,138
Thursday: 9am-9pm,138
Friday: 9am-9pm  ,138
Saturday: 9am-5pm ,138
Sunday: 10am-5pm,138
Monday:9am-5.30pm  ,139
Tuesday: 9am-5.30pm,139
Wednesday: 9am-5.30pm  ,139
Thursday: 9am-9pm,139
Friday: 9am-9pm  ,139
Saturday: 9am-5pm ,139
Sunday: 10am-5pm,139
Monday:9am-5.30pm  ,140
Tuesday: 9am-5.30pm,140
Wednesday: 9am-5.30pm  ,140
Thursday: 9am-9pm,140
Friday: 9am-9pm  ,140
Saturday: 9am-5pm ,140
Sunday: 10am-5pm,140
Monday:9am-5.30pm  ,141
Tuesday: 9am-5.30pm,141
Wednesday: 9am-5.30pm  ,141
Thursday: 9am-9pm,141
Friday: 9am-9pm  ,141
Saturday: 9am-5pm ,141
Sunday: 10am-5pm,141
Open ANZAC Day 1pm-5pm,141
Monday:9am-5.30pm  ,142
Tuesday: 9am-5.30pm,142
Wednesday: 9am-5.30pm  ,142
Thursday: 9am-9pm,142
Friday: 9am-9pm  ,142
Saturday: 9am-5pm ,142
Sunday: 10am-5pm,142
Monday:9am-5.30pm  ,143
Tuesday: 9am-5.30pm,143
Wednesday: 9am-5.30pm  ,143
Thursday: 9am-9pm,143
Friday: 9am-9pm  ,143
Saturday: 9am-5pm ,143
Sunday: 10am-5pm,143
Monday:9am-5.30pm  ,144
Tuesday: 9am-5.30pm,144
Wednesday: 9am-5.30pm  ,144
Thursday: 9am-9pm,144
Friday: 9am-9pm  ,144
Saturday: 9am-5pm ,144
Sunday: 10am-5pm,144
Monday:9am-5.30pm  ,145
Tuesday: 9am-5.30pm,145
Wednesday: 9am-5.30pm  ,145
Thursday: 9am-9pm,145
Friday: 9am-9pm  ,145
Saturday: 9am-5pm ,145
Sunday: 10am-5pm,145
Monday:9am-5.30pm  ,146
Tuesday: 9am-5.30pm,146
Wednesday: 9am-5.30pm  ,146
Thursday: 9am-9pm,146
Friday: 9am-9pm  ,146
Saturday: 9am-5pm ,146
Sunday: 10am-5pm,146
Monday:9am-5.30pm  ,147
Tuesday: 9am-5.30pm,147
Wednesday: 9am-5.30pm  ,147
Thursday: 9am-9pm,147
Friday: 9am-9pm  ,147
Saturday: 9am-5pm ,147
Sunday: 10am-5pm,147
Monday:9am-12am   ,148
Tuesday: 9am-12am ,148
Wednesday: 9am-12pm   ,148
Thursday: 9am-12am      ,148
Friday: 9am-3am  ,148
Saturday: 8am-3am      ,148
Sunday: 8am-12am,148
Monday:9am-5.30pm  ,149
Tuesday: 9am-5.30pm,149
Wednesday: 9am-5.30pm  ,149
Thursday: 9am-9pm,149
Friday: 9am-9pm  ,149
Saturday: 9am-5pm ,149
Sunday: 10am-5pm,149
Monday:9am-5.30pm  ,150
Tuesday: 9am-5.30pm,150
Wednesday: 9am-5.30pm  ,150
Thursday: 9am-9pm,150
Friday: 9am-9pm  ,150
Saturday: 9am-5pm ,150
Sunday: 10am-5pm,150
Monday:9am-5.30pm  ,151
Tuesday: 9am-5.30pm,151
Wednesday: 9am-5.30pm  ,151
Thursday: 9am-9pm,151
Friday: 9am-9pm  ,151
Saturday: 9am-5pm ,151
Sunday: 10am-5pm,151
Monday:9am-5.30pm  ,152
Tuesday: 9am-5.30pm,152
Wednesday: 9am-5.30pm  ,152
Thursday: 9am-9pm,152
Friday: 9am-9pm  ,152
Saturday: 9am-5pm ,152
Sunday: 10am-5pm,152
Monday:9am-5.30pm  ,153
Tuesday: 9am-5.30pm,153
Wednesday: 9am-5.30pm  ,153
Thursday: 9am-9pm,153
Friday: 9am-9pm  ,153
Saturday: 9am-5pm ,153
Sunday: 10am-5pm,153
Monday:9.00am - 5.00pm,154
Tuesday: 9.00am - 5.00pm   ,154
Wednesday: 9.00am - 5.00pm,154
Thursday: 9.00am - 5.00pm   ,154
Friday: 9.00am - 5.00pm   ,154
Saturday: 9.00am - 4.00pm   ,154
Sunday: CLOSED,154
Monday:9am-5.30pm  ,156
Tuesday: 9am-5.30pm,156
Wednesday: 9am-5.30pm  ,156
Thursday: 9am-9pm,156
Friday: 9am-9pm  ,156
Saturday: 9am-5pm ,156
Sunday: 10am-5pm,156
Monday:9am-5.30pm  ,157
Tuesday: 9am-5.30pm,157
Wednesday: 9am-5.30pm  ,157
Thursday: 9am-9pm,157
Friday: 9am-9pm  ,157
Saturday: 9am-5pm ,157
Sunday: 10am-5pm,157
Monday:9am-5.30pm  ,158
Tuesday: 9am-5.30pm,158
Wednesday: 9am-5.30pm  ,158
Thursday: 9am-9pm,158
Friday: 9am-9pm  ,158
Saturday: 9am-5pm ,158
Sunday: 10am-5pm,158
Monday:9am-5.30pm  ,159
Tuesday: 9am-5.30pm,159
Wednesday: 9am-5.30pm  ,159
Thursday: 9am-9pm,159
Friday: 9am-9pm  ,159
Saturday: 9am-5pm ,159
Sunday: 10am-5pm,159
Monday:9am-5.30pm  ,160
Tuesday: 9am-5.30pm,160
Wednesday: 9am-5.30pm  ,160
Thursday: 9am-9pm,160
Friday: 9am-9pm  ,160
Saturday: 9am-5pm ,160
Sunday: 10am-5pm,160
Monday:9am-5.30pm  ,161
Tuesday: 9am-5.30pm,161
Wednesday: 9am-5.30pm  ,161
Thursday: 9am-9pm,161
Friday: 9am-9pm  ,161
Saturday: 9am-5pm ,161
Sunday: 10am-5pm,161
Monday:9am-5.30pm  ,162
Tuesday: 9am-5.30pm,162
Wednesday: 9am-5.30pm  ,162
Thursday: 9am-9pm,162
Friday: 9am-9pm  ,162
Saturday: 9am-5pm ,162
Sunday: 10am-5pm,162
Monday:9am-5.30pm  ,163
Tuesday: 9am-5.30pm,163
Wednesday: 9am-5.30pm  ,163
Thursday: 9am-9pm,163
Friday: 9am-9pm  ,163
Saturday: 9am-5pm ,163
Sunday: 10am-5pm,163
Monday:9am-5.30pm  ,164
Tuesday: 9am-5.30pm,164
Wednesday: 9am-5.30pm  ,164
Thursday: 9am-9pm,164
Friday: 9am-9pm  ,164
Saturday: 9am-5pm ,164
Sunday: 10am-5pm,164
Monday:9am-5.30pm  ,165
Tuesday: 9am-5.30pm,165
Wednesday: 9am-5.30pm  ,165
Thursday: 9am-9pm,165
Friday: 9am-9pm  ,165
Saturday: 9am-5pm ,165
Sunday: 10am-5pm,165
Monday:9am-5.30pm  ,166
Tuesday: 9am-5.30pm,166
Wednesday: 9am-5.30pm  ,166
Thursday: 9am-9pm,166
Friday: 9am-9pm  ,166
Saturday: 9am-5pm ,166
Sunday: 10am-5pm,166
Monday:9am-5.30pm  ,167
Tuesday: 9am-5.30pm,167
Wednesday: 9am-5.30pm  ,167
Thursday: 9am-9pm,167
Friday: 9am-9pm  ,167
Saturday: 9am-5pm ,167
Sunday: 10am-5pm,167
Monday:9am-5.30pm  ,168
Tuesday: 9am-5.30pm,168
Wednesday: 9am-5.30pm  ,168
Thursday: 9am-9pm,168
Friday: 9am-9pm  ,168
Saturday: 9am-5pm ,168
Sunday: 10am-5pm,168
Monday:9am-5.30pm  ,169
Tuesday: 9am-5.30pm,169
Wednesday: 9am-5.30pm  ,169
Thursday: 9am-9pm,169
Friday: 9am-9pm  ,169
Saturday: 9am-5pm ,169
Sunday: 10am-5pm,169
Monday:9am-5.30pm  ,170
Tuesday: 9am-5.30pm,170
Wednesday: 9am-5.30pm  ,170
Thursday: 9am-9pm,170
Friday: 9am-9pm  ,170
Saturday: 9am-5pm ,170
Sunday: 10am-5pm,170
Monday:9am-5.30pm  ,171
Tuesday: 9am-5.30pm,171
Wednesday: 9am-5.30pm  ,171
Thursday: 9am-9pm,171
Friday: 9am-9pm  ,171
Saturday: 9am-5pm ,171
Sunday: 10am-5pm,171
Monday:9am-5.30pm  ,172
Tuesday: 9am-5.30pm,172
Wednesday: 9am-5.30pm  ,172
Thursday: 9am-9pm,172
Friday: 9am-9pm  ,172
Saturday: 9am-5pm ,172
Sunday: 10am-5pm,172
Monday:9am-5.30pm  ,173
Tuesday: 9am-5.30pm,173
Wednesday: 9am-5.30pm  ,173
Thursday: 9am-9pm,173
Friday: 9am-9pm  ,173
Saturday: 9am-5pm ,173
Sunday: 10am-5pm,173
